,Pregnancies,Glucose,BloodPressure,SkinThickness,Insulin,BMI,DiabetesPedigreeFunction,Age,Sex,Outcome
0,4,114,64,23,30.5,28.899999618530273,0.12600000202655792,24,Female,1
0,0,132,78,23,30.5,32.400001525878906,0.3930000066757202,21,Female,1
0,1,109,60,8,182.0,25.399999618530273,0.9470000267028809,21,Female,0
0,1,71,78,50,45.0,33.20000076293945,0.421999990940094,21,Female,1
0,5,106,82,30,30.5,39.5,0.28600001335144043,38,Female,1
