,Metric,Value
0,Diversity,191.14880125691698
1,Non representativeness,0.03333333333333333
