,Metric,Value
0,Diversity,23.53795051884086
1,Non representativeness,0.03333333333333333
