,Metric,Value
0,Non representativeness,0.03333333333333333
1,Diversity,101.82681027138136
