,Pregnancies,Glucose,BloodPressure,SkinThickness,Insulin,BMI,DiabetesPedigreeFunction,Age,Sex,Outcome
0,4,183,72,23,30.5,28.399999618530273,0.21199999749660492,36,Female,1
0,7,114,66,23,30.5,32.79999923706055,0.257999986410141,42,Female,1
0,4,110,76,20,100.0,28.399999618530273,0.11800000071525574,27,Female,1
0,1,131,64,14,415.0,23.700000762939453,0.3889999985694885,21,Female,0
0,2,122,70,27,30.5,36.79999923706055,0.3400000035762787,27,Female,1
