,Metric,Value
0,Diversity,31.66547607423533
1,Non representativeness,0.03333333333333333
