,Metric,Value
0,Non representativeness,0.030000000000000006
1,Diversity,483.60080501644745
