,Pregnancies,Glucose,BloodPressure,SkinThickness,Insulin,BMI,DiabetesPedigreeFunction,Age,Sex,Outcome
0,1,71,78,50,45.0,33.20000076293945,0.421999990940094,21,Female,1
0,9,112,82,32,175.0,34.20000076293945,0.25999999046325684,36,Female,1
0,4,115,72,23,30.5,28.899999618530273,0.37599998712539673,46,Female,1
0,1,119,86,39,220.0,45.599998474121094,0.8080000281333923,29,Female,1
0,5,117,80,32,30.5,41.0,0.34599998593330383,37,Female,1
