,Pregnancies,Glucose,BloodPressure,SkinThickness,Insulin,BMI,DiabetesPedigreeFunction,Age,Sex,Outcome
0,2,90,80,14,55.0,24.399999618530273,0.24899999797344208,24,Female,0
0,1,97,70,15,30.5,18.200000762939453,0.1469999998807907,21,Female,0
0,3,171,72,33,135.0,33.29999923706055,0.19900000095367432,24,Female,1
0,5,124,74,23,30.5,34.0,0.2199999988079071,38,Female,1
0,1,109,60,8,182.0,25.399999618530273,0.9470000267028809,21,Female,0
