,Metric,Value
0,Diversity,488.4720856294632
1,Non representativeness,0.11666666666666665
