,Metric,Value
0,Diversity,100.85359060933195
1,Non representativeness,0.08333333333333333
