,Metric,Value
0,Diversity,691.7101027224073
1,Non representativeness,0.030000000000000006
