,Metric,Value
0,Diversity,492.82433758941136
1,Non representativeness,0.08333333333333333
