,Metric,Value
0,Non representativeness,0.11666666666666665
1,Diversity,192.06548324977135
