,Metric,Value
0,Non representativeness,0.08333333333333333
1,Diversity,494.1725262955732
