,Metric,Value
0,Non representativeness,0.03333333333333333
1,Diversity,57.41867287175635
