,Metric,Value
0,Average rule length,1.2857142857142858
1,Fidelity,0.35714285714285715
