,Metric,Value
0,Diversity,63.46842213194133
1,Non representativeness,0.03333333333333333
