,Pregnancies,Glucose,BloodPressure,SkinThickness,Insulin,BMI,DiabetesPedigreeFunction,Age,Sex,Outcome
0,2,82,52,22,115.0,28.5,1.6990000009536743,25,Female,1
0,5,147,78,23,30.5,33.70000076293945,0.21799999475479126,65,Female,1
0,6,85,78,23,30.5,31.200000762939453,0.38199999928474426,42,Female,1
0,0,94,70,27,115.0,43.5,0.34700000286102295,21,Female,1
0,0,126,86,27,120.0,27.399999618530273,0.5149999856948853,21,Female,0
