,Metric,Value
0,Average rule length,4.906542056074766
1,Fidelity,0.27677180685358277
