,Pregnancies,Glucose,BloodPressure,SkinThickness,Insulin,BMI,DiabetesPedigreeFunction,Age,Sex,Outcome
0,7,133,84,23,30.5,40.20000076293945,0.6959999799728394,37,Female,1
0,12,100,84,33,105.0,30.0,0.4880000054836273,46,Female,1
0,5,144,82,26,285.0,32.0,0.4519999921321869,58,Female,1
0,1,79,60,42,48.0,43.5,0.6779999732971191,23,Female,1
0,4,83,86,19,30.5,29.299999237060547,0.31700000166893005,34,Female,1
