,Metric,Value
0,Diversity,305.61528117891066
1,Non representativeness,0.03333333333333333
