,Pregnancies,Glucose,BloodPressure,SkinThickness,Insulin,BMI,DiabetesPedigreeFunction,Age,Sex,Outcome
0,4,109,64,44,99.0,34.79999923706055,0.9049999713897705,26,Female,1
0,1,100,72,12,70.0,25.299999237060547,0.6579999923706055,28,Female,1
0,1,109,60,8,182.0,25.399999618530273,0.9470000267028809,21,Female,0
0,1,79,75,30,30.5,32.0,0.3959999978542328,22,Female,1
0,7,114,64,23,30.5,27.399999618530273,0.7319999933242798,34,Female,1
