,Metric,Value
0,Average rule length,1.3333333333333333
1,Fidelity,0.3666666666666667
