,Metric,Value
0,Diversity,192.06548324977135
1,Non representativeness,0.11666666666666665
